ruleName|movePattern|conditions|points|reason|scorePrerequisites|decisionFacts
Score buy high efficiency card|$move: Move(type == MoveType.BUY_CARD, $card: card)|    StrategicGoalFact(type == GoalType.BUY_CARD, card == $card)|40|buying a very efficient card that supports the engine|, DecisionFact.goal(GoalType.BUY_CARD, $card)|    insertLogical(DecisionFact.of(DecisionFact.move($move), DecisionFact.goal(GoalType.BUY_CARD, $card), DecisionLevel.MOVE_SCORE, "move score derived from strategic goal"));
Score buy dominant color|$move: Move(type == MoveType.BUY_CARD, $card: card)|    StrategicGoalFact(type == GoalType.BUILD_DOMINANT_COLOR, color == $card.colorBonus)|20|buying a card that develops the dominant color|, DecisionFact.goal(GoalType.BUILD_DOMINANT_COLOR, $card.getColorBonus())|    insertLogical(DecisionFact.of(DecisionFact.move($move), DecisionFact.goal(GoalType.BUILD_DOMINANT_COLOR, $card.getColorBonus()), DecisionLevel.MOVE_SCORE, "move score derived from strategic goal"));
Score buy supporting engine|$move: Move(type == MoveType.BUY_CARD, $card: card)|    SupportsEfficiencyEngineFact(card == $card)|20|card supports the high efficiency engine|, DecisionFact.analysis("SUPPORTS_EFFICIENCY_ENGINE", $card)|    insertLogical(DecisionFact.of(DecisionFact.move($move), DecisionFact.analysis("SUPPORTS_EFFICIENCY_ENGINE", $card), DecisionLevel.MOVE_SCORE, "move score derived from analysis"));
Score reserve very efficient card|$move: Move(type == MoveType.RESERVE_CARD, $card: card)|    StrategicGoalFact(type == GoalType.RESERVE_CARD, card == $card)|35|reserving a very efficient card that fits the plan|, DecisionFact.goal(GoalType.RESERVE_CARD, $card)|    insertLogical(DecisionFact.of(DecisionFact.move($move), DecisionFact.goal(GoalType.RESERVE_CARD, $card), DecisionLevel.MOVE_SCORE, "move score derived from strategic goal"));
Score reserve blocking card|$move: Move(type == MoveType.RESERVE_CARD, $card: card)|    StrategicGoalFact(type == GoalType.BLOCK_OPPONENT, card == $card)|30|reservation blocks the opponent threat card|, DecisionFact.goal(GoalType.BLOCK_OPPONENT, $card)|    insertLogical(DecisionFact.of(DecisionFact.move($move), DecisionFact.goal(GoalType.BLOCK_OPPONENT, $card), DecisionLevel.MOVE_SCORE, "move score derived from strategic goal"));
Score play reserved card|$move: Move(type == MoveType.BUY_CARD, $card: card)|    StrategicGoalFact(type == GoalType.PLAY_RESERVED_CARD, card == $card)|35|playing a previously reserved card|, DecisionFact.goal(GoalType.PLAY_RESERVED_CARD, $card)|    insertLogical(DecisionFact.of(DecisionFact.move($move), DecisionFact.goal(GoalType.PLAY_RESERVED_CARD, $card), DecisionLevel.MOVE_SCORE, "move score derived from strategic goal"));
Score take needed color|$move: Move(type == MoveType.TAKE_TOKENS)|    StrategicGoalFact(type == GoalType.COLLECT_TOKENS, $color: color)\n    eval($move.takes($color))|20|taking a color needed for an efficient or reserved card|, DecisionFact.goal(GoalType.COLLECT_TOKENS, $color)|    insertLogical(DecisionFact.of(DecisionFact.move($move), DecisionFact.goal(GoalType.COLLECT_TOKENS, $color), DecisionLevel.MOVE_SCORE, "move score derived from strategic goal"));
Score take dominant color|$move: Move(type == MoveType.TAKE_TOKENS)|    DominantColorFact($color: color)\n    eval($move.takes($color))|10|taking the dominant color|, DecisionFact.analysis("DOMINANT_COLOR", $color)|    insertLogical(DecisionFact.of(DecisionFact.move($move), DecisionFact.analysis("DOMINANT_COLOR", $color), DecisionLevel.MOVE_SCORE, "move score derived from analysis"));
Score buy for managing token limit|$move: Move(type == MoveType.BUY_CARD)|    StrategicGoalFact(type == GoalType.MANAGE_TOKEN_LIMIT)|15|buying spends tokens and helps manage the token limit|, DecisionFact.goal(GoalType.MANAGE_TOKEN_LIMIT)|    insertLogical(DecisionFact.of(DecisionFact.move($move), DecisionFact.goal(GoalType.MANAGE_TOKEN_LIMIT), DecisionLevel.MOVE_SCORE, "move score derived from strategic goal"));
